Postnr;Bynavn;Gade;Firma;Land
1050;København K;Kongens Nytorv;;Danmark København
1051;København K;Nyhavn;;Danmark København
1052;København K;Herluf Trolles Gade;;Danmark København
1053;København K;Cort Adelers Gade;;Danmark København
1054;København K;Peder Skrams Gade;;Danmark København
1055;København K;Tordenskjoldsgade;;Danmark København
1055;København K;August Bournonvilles Passage;;Danmark København
1056;København K;Heibergsgade;;Danmark København
1057;København K;Holbergsgade;;Danmark København
1058;København K;Havnegade;;Danmark København
1059;København K;Niels Juels Gade;;Danmark København
1060;København K;Holmens Kanal;;Danmark København
1061;København K;Ved Stranden;;Danmark København
1062;København K;Boldhusgade;;Danmark København
1063;København K;Laksegade;;Danmark København
1064;København K;Asylgade;;Danmark København
1065;København K;Fortunstræde;;Danmark København
1066;København K;Admiralgade;;Danmark København
1067;København K;Nikolaj Plads;;Danmark København
1068;København K;Nikolajgade;;Danmark København
1069;København K;Bremerholm;;Danmark København
1070;København K;Vingårdstræde;;Danmark København
1071;København K;Dybensgade;;Danmark København
1072;København K;Lille Kirkestræde;;Danmark København
1073;København K;Store Kirkestræde;;Danmark København
1074;København K;Lille Kongensgade;;Danmark København
1092;København K; Holmens Kanal 2-12;Danske Bank A/S;Danmark København
1093;København K; Havnegade 5;Danmarks Nationalbank;Danmark København
1095;København K; Kongens Nytorv 13;Magasin du Nord;Danmark København
1098;København K; Esplanaden 50;A.P. Møller;Danmark København
1100;København K;Østergade;;Danmark København
1101;København K;Ny Østergade;;Danmark København
1102;København K;Pistolstræde;;Danmark København
1103;København K;Hovedvagtsgade;;Danmark København
1104;København K;Ny Adelgade;;Danmark København
1105;København K;Kristen Bernikows Gade;;Danmark København
1106;København K;Antonigade;;Danmark København
1107;København K;Grønnegade;;Danmark København
1110;København K;Store Regnegade;;Danmark København
1111;København K;Christian IX's Gade;;Danmark København
1112;København K;Pilestræde;;Danmark København
1113;København K;Silkegade;;Danmark København
1114;København K;Kronprinsensgade;;Danmark København
1115;København K;Klareboderne;;Danmark København
1116;København K;Møntergade;;Danmark København
1117;København K;Gammel Mønt;;Danmark København
1118;København K;Sværtegade;;Danmark København
1119;København K;Landemærket;;Danmark København
1120;København K;Vognmagergade;;Danmark København
1121;København K;Lønporten;;Danmark København
1122;København K;Sjæleboderne;;Danmark København
1123;København K;Gothersgade;;Danmark København
1124;København K;Åbenrå;;Danmark København
1125;København K;Suhmsgade;;Danmark København
1126;København K;Pustervig;;Danmark København
1127;København K;Hauser Plads;;Danmark København
1128;København K;Hausergade;;Danmark København
1129;København K;Sankt Gertruds Stræde;;Danmark København
1130;København K;Rosenborggade;;Danmark København
1131;København K;Tornebuskegade;;Danmark København
1140;København K; Møntergade 19;Forlaget Børsen;Danmark København
1147;København K; Pilestræde 34;Berlingske Tidende;Danmark København
1148;København K; Vognmagergade 11;Gutenberghus;Danmark København
1150;København K;Købmagergade;;Danmark København
1151;København K;Valkendorfsgade;;Danmark København
1152;København K;Løvstræde;;Danmark København
1153;København K;Niels Hemmingsens Gade;;Danmark København
1154;København K;Gråbrødretorv;;Danmark København
1155;København K;Kejsergade;;Danmark København
1156;København K;Gråbrødrestræde;;Danmark København
1157;København K;Klosterstræde;;Danmark København
1158;København K;Skoubogade;;Danmark København
1159;København K;Skindergade;;Danmark København
1160;København K;Amagertorv;;Danmark København
1161;København K;Vimmelskaftet;;Danmark København
1162;København K;Jorcks Passage;;Danmark København
1163;København K;Klostergården;;Danmark København
1164;København K;Nygade;;Danmark København
1165;København K;Nørregade;;Danmark København
1165;København K;Sankt Petri Passage;;Danmark København
1166;København K;Dyrkøb;;Danmark København
1167;København K;Bispetorvet;;Danmark København
1168;København K;Frue Plads;;Danmark København
1169;København K;Store Kannikestræde;;Danmark København
1170;København K;Lille Kannikestræde;;Danmark København
1171;København K;Fiolstræde;;Danmark København
1172;København K;Krystalgade;;Danmark København
1173;København K;Peder Hvitfeldts Stræde;;Danmark København
1174;København K;Rosengården;;Danmark København
1175;København K;Kultorvet;;Danmark København
1200;København K;Højbro Plads;;Danmark København
1201;København K;Læderstræde;;Danmark København
1202;København K;Gammel Strand;;Danmark København
1203;København K;Nybrogade;;Danmark København
1204;København K;Magstræde;;Danmark København
1205;København K;Snaregade;;Danmark København
1206;København K;Naboløs;;Danmark København
1207;København K;Hyskenstræde;;Danmark København
1208;København K;Kompagnistræde;;Danmark København
1209;København K;Badstuestræde;;Danmark København
1210;København K;Knabrostræde;;Danmark København
1211;København K;Brolæggerstræde;;Danmark København
1212;København K;Vindebrogade;;Danmark København
1213;København K;Bertel Thorvaldsens Plads;;Danmark København
1214;København K;Tøjhusgade;;Danmark København
1215;København K;Børsgade;;Danmark København
1216;København K;Slotsholmsgade;;Danmark København
1217;København K;Børsen;;Danmark København
1218;København K;Christiansborg;;Danmark København
1218;København K;Christiansborg Ridebane;;Danmark København
1218;København K;Christiansborg Slotsplads;;Danmark København
1218;København K;Prins Jørgens Gård;;Danmark København
1218;København K;Proviantpassagen;;Danmark København
1218;København K;Rigsdagsgården;;Danmark København
1219;København K;Christians Brygge ulige nr. + 2-22;;Danmark København
1220;København K;Frederiksholms Kanal;;Danmark København
1221;København K;Søren Kierkegaards Plads;;Danmark København
1240;København K; Christiansborg;Folketinget;Danmark København
1250;København K;Sankt Annæ Plads;;Danmark København
1251;København K;Kvæsthusgade;;Danmark København
1253;København K;Toldbodgade;;Danmark København
1254;København K;Lille Strandstræde;;Danmark København
1255;København K;Store Strandstræde;;Danmark København
1256;København K;Amaliegade;;Danmark København
1257;København K;Amalienborg;;Danmark København
1259;København K;Trekroner;;Danmark København
1259;København K;Nordre Toldbod;;Danmark København
1260;København K;Bredgade;;Danmark København
1261;København K;Palægade;;Danmark København
1263;København K;Esplanaden;;Danmark København
1263;København K;Churchillparken;;Danmark København
1264;København K;Store Kongensgade;;Danmark København
1265;København K;Frederiksgade;;Danmark København
1266;København K;Bornholmsgade;;Danmark København
1267;København K;Hammerensgade;;Danmark København
1268;København K;Jens Kofods Gade;;Danmark København
1270;København K;Grønningen;;Danmark København
1271;København K;Poul Ankers Gade;;Danmark København
1300;København K;Borgergade;;Danmark København
1301;København K;Landgreven;;Danmark København
1302;København K;Dronningens Tværgade;;Danmark København
1303;København K;Hindegade;;Danmark København
1304;København K;Adelgade;;Danmark København
1306;København K;Kronprinsessegade;;Danmark København
1307;København K;Georg Brandes Plads;;Danmark København
1307;København K;Sølvgade;;Danmark København
1308;København K;Klerkegade;;Danmark København
1309;København K;Rosengade;;Danmark København
1310;København K;Fredericiagade;;Danmark København
1311;København K;Olfert Fischers Gade;;Danmark København
1312;København K;Gammelvagt;;Danmark København
1313;København K;Sankt Pauls Gade;;Danmark København
1314;København K;Sankt Pauls Plads;;Danmark København
1315;København K;Rævegade;;Danmark København
1316;København K;Rigensgade;;Danmark København
1317;København K;Stokhusgade;;Danmark København
1318;København K;Krusemyntegade;;Danmark København
1319;København K;Gernersgade;;Danmark København
1320;København K;Haregade;;Danmark København
1321;København K;Tigergade;;Danmark København
1322;København K;Suensonsgade;;Danmark København
1323;København K;Hjertensfrydsgade;;Danmark København
1324;København K;Elsdyrsgade;;Danmark København
1325;København K;Delfingade;;Danmark København
1326;København K;Krokodillegade;;Danmark København
1327;København K;Vildandegade;;Danmark København
1328;København K;Svanegade;;Danmark København
1329;København K;Timiansgade;;Danmark København
1350;København K;Øster Voldgade;;Danmark København
1352;København K;Rørholmsgade;;Danmark København
1353;København K;Øster Farimagsgade 3-15 + 2;;Danmark København
1354;København K;Ole Suhrs Gade;;Danmark København
1355;København K;Gammeltoftsgade;;Danmark København
1356;København K;Bartholinsgade;;Danmark København
1357;København K;Øster Søgade 8 - 36;;Danmark København
1358;København K;Nørre Voldgade;;Danmark København
1359;København K;Charlotte Ammundsens Plads;;Danmark København
1359;København K;Ahlefeldtsgade;;Danmark København
1360;København K;Frederiksborggade;;Danmark København
1361;København K;Linnésgade;;Danmark København
1361;København K;Israels Plads;;Danmark København
1362;København K;Rømersgade;;Danmark København
1363;København K;Vendersgade;;Danmark København
1364;København K;Nørre Farimagsgade;;Danmark København
1365;København K;Schacksgade;;Danmark København
1366;København K;Nansensgade;;Danmark København
1367;København K;Kjeld Langes Gade;;Danmark København
1368;København K;Turesensgade;;Danmark København
1369;København K;Gyldenløvesgade Lige nr;;Danmark København
1370;København K;Nørre Søgade;;Danmark København
1371;København K;Søtorvet;;Danmark København
1400;København K;Torvegade;;Danmark København
1400;København K;Knippelsbro;;Danmark København
1401;København K;Strandgade;;Danmark København
1402;København K;David Balfours Gade;;Danmark København
1402;København K;Hammershøi Kaj;;Danmark København
1402;København K;Johan Semps Gade;;Danmark København
1402;København K;Nicolai Eigtveds Gade;;Danmark København
1402;København K;Asiatisk Plads;;Danmark København
1403;København K;Wilders Plads;;Danmark København
1404;København K;Krøyers Plads;;Danmark København
1406;København K;Christianshavns Kanal;;Danmark København
1407;København K;Bådsmandsstræde;;Danmark København
1408;København K;Wildersgade;;Danmark København
1409;København K;Knippelsbrogade;;Danmark København
1410;København K;Christianshavns Torv;;Danmark København
1411;København K;Applebys Plads;;Danmark København
1411;København K;Langebrogade;;Danmark København
1412;København K;Voldgården;;Danmark København
1413;København K;Ved Kanalen;;Danmark København
1414;København K;Overgaden neden Vandet;;Danmark København
1415;København K;Overgaden oven Vandet;;Danmark København
1416;København K;Sankt Annæ Gade;;Danmark København
1417;København K;Mikkel Vibes Gade;;Danmark København
1418;København K;Sofiegade;;Danmark København
1419;København K;Store Søndervoldstræde;;Danmark København
1420;København K;Dronningensgade;;Danmark København
1421;København K;Lille Søndervoldstræde;;Danmark København
1422;København K;Prinsessegade;;Danmark København
1423;København K;Amagergade;;Danmark København
1424;København K;Christianshavns Voldgade;;Danmark København
1425;København K;Ved Volden;;Danmark København
1426;København K;Voldboligerne;;Danmark København
1427;København K;Brobergsgade;;Danmark København
1428;København K;Andreas Bjørns Gade;;Danmark København
1429;København K;Burmeistersgade;;Danmark København
1430;København K;Bodenhoffs Plads;;Danmark København
1431;København K;Islands Plads;;Danmark København
1432;København K;Refshalevej;;Danmark København
1432;København K;William Wains Gade;;Danmark København
1432;København K;Margretheholmsvej;;Danmark København
1433;København K;Flakfortet;;Danmark København
1433;København K;Lynetten;;Danmark København
1433;København K;Margretheholm;;Danmark København
1433;København K;Middelgrundsfortet;;Danmark København
1433;København K;Quintus;;Danmark København
1433;København K;Refshaleøen;;Danmark København
1433;København K;Christiansholms Ø;;Danmark København
1434;København K;Danneskiold-Samsøes Allé;;Danmark København
1435;København K;Philip de Langes Allé;;Danmark København
1436;København K;Halvtolv;;Danmark København
1436;København K;Kuglegården;;Danmark København
1436;København K;Kuglegårdsvej;;Danmark København
1436;København K;Søartillerivej;;Danmark København
1436;København K;Trangravsvej;;Danmark København
1436;København K;Værftsbroen;;Danmark København
1436;København K;Arsenalvej;;Danmark København
1437;København K;Bohlendachvej;;Danmark København
1437;København K;Eik Skaløes Plads;;Danmark København
1437;København K;Fabrikmestervej;;Danmark København
1437;København K;Galionsvej;;Danmark København
1437;København K;Kanonbådsvej;;Danmark København
1437;København K;Leo Mathisens Vej;;Danmark København
1437;København K;Masteskursvej;;Danmark København
1437;København K;Per Knutzons Vej;;Danmark København
1437;København K;Schifters Kvarter;;Danmark København
1437;København K;Stibolts Kvarter;;Danmark København
1437;København K;Takkelloftsvej;;Danmark København
1437;København K;Theodor Christensens Plads;;Danmark København
1438;København K;Benstrups Kvarter;;Danmark København
1438;København K;Dokøvej;;Danmark København
1438;København K;Ekvipagemestervej;;Danmark København
1438;København K;Judichærs Plads;;Danmark København
1438;København K;Orlogsværftvej;;Danmark København
1439;København K;A.H. Vedels Plads;;Danmark København
1439;København K;Bradbænken;;Danmark København
1439;København K;Elefanten;;Danmark København
1439;København K;Eskadrevej;;Danmark København
1439;København K;H.C. Sneedorffs Allé;;Danmark København
1439;København K;Henrik Gerners Plads;;Danmark København
1439;København K;Henrik Spans Vej;;Danmark København
1439;København K;Kongebrovej;;Danmark København
1439;København K;Krudtløbsvej;;Danmark København
1439;København K;Minørvej;;Danmark København
1439;København K;P. Løvenørns Vej;;Danmark København
1439;København K;Spanteloftvej;;Danmark København
1439;København K;Takkeladsvej;;Danmark København
1439;København K;Ved Sixtusbatteriet;;Danmark København
1439;København K;Ved Søminegraven;;Danmark København
1440;København K;Bjørnekloen;;Danmark København
1440;København K;Blå Karamel;;Danmark København
1440;København K;Fabriksområdet;;Danmark København
1440;København K;Fredens Ark;;Danmark København
1440;København K;Løvehuset;;Danmark København
1440;København K;Mælkebøtten;;Danmark København
1440;København K;Mælkevejen;;Danmark København
1440;København K;Nordområdet;;Danmark København
1440;København K;Psyak;;Danmark København
1440;København K;Sydområdet;;Danmark København
1440;København K;Tinghuset;;Danmark København
1441;København K;Midtdyssen;;Danmark København
1441;København K;Norddyssen;;Danmark København
1441;København K;Syddyssen;;Danmark København
1448;København K; Asiatisk Plads 2;Udenrigsministeriet;Danmark København
1450;København K;Nytorv;;Danmark København
1451;København K;Larslejsstræde;;Danmark København
1452;København K;Teglgårdstræde;;Danmark København
1453;København K;Sankt Peders Stræde;;Danmark København
1454;København K;Larsbjørnsstræde;;Danmark København
1455;København K;Studiestræde 3-49 + 6-40;;Danmark København
1456;København K;Vestergade;;Danmark København
1457;København K;Gammeltorv;;Danmark København
1458;København K;Kattesundet;;Danmark København
1459;København K;Frederiksberggade;;Danmark København
1460;København K;Mikkel Bryggers Gade;;Danmark København
1461;København K;Slutterigade;;Danmark København
1462;København K;Lavendelstræde;;Danmark København
1463;København K;Farvergade;;Danmark København
1464;København K;Hestemøllestræde;;Danmark København
1465;København K;Gåsegade;;Danmark København
1466;København K;Rådhusstræde;;Danmark København
1467;København K;Vandkunsten;;Danmark København
1468;København K;Løngangstræde;;Danmark København
1470;København K;Stormgade 2-14;;Danmark København
1471;København K;Ny Vestergade;;Danmark København
1472;København K; 1-15 + 4-14;Ny Kongensgade;Danmark København
1473;København K;Bryghusgade;;Danmark København
1500;København V;Bernstorffsgade 40;;Danmark København
1532;København V;"	Kystvejen 26-28";Internationalt Postcenter;Danmark København
1533;København V; 2770 Kastrup;Internationalt Postcenter;Danmark København
1550;København V;Rådhuspladsen;;Danmark København
1550;København V;Bag Rådhuset;;Danmark København
1551;København V;Jarmers Plads;;Danmark København
1552;København V;Vester Voldgade;;Danmark København
1553;København V;H.C.  Andersens Boulevard;;Danmark København
1553;København V;Langebro;;Danmark København
1554;København V;Studiestræde 57-69 + 50-54;;Danmark København
1555;København V;Stormgade Ulige 20+35;;Danmark København
1556;København V;Dantes Plads;;Danmark København
1557;København V;Ny Kongensgade 19-21 + 18-20;;Danmark København
1558;København V;Christiansborggade;;Danmark København
1559;København V;Christians Brygge 24 - 30;;Danmark København
1560;København V;Kalvebod Brygge;;Danmark København
1561;København V;Kalvebod Pladsvej;;Danmark København
1561;København V;Fisketorvet;;Danmark København
1562;København V;Hambrosgade;;Danmark København
1563;København V;Otto Mønsteds Plads;;Danmark København
1564;København V;Rysensteensgade;;Danmark København
1566;København V; Tietgensgade 37;Post Danmark;Danmark København
1567;København V;Polititorvet;;Danmark København
1568;København V;Mitchellsgade;;Danmark København
1569;København V;Edvard Falcks Gade;;Danmark København
1570;København V;Københavns Hovedbanegård;;Danmark København
1570;København V;Banegårdspladsen;;Danmark København
1571;København V;Otto Mønsteds Gade;;Danmark København
1572;København V;Anker Heegaards Gade;;Danmark København
1573;København V;Puggaardsgade;;Danmark København
1574;København V;Niels Brocks Gade;;Danmark København
1575;København V;Ved Glyptoteket;;Danmark København
1576;København V;Stoltenbergsgade;;Danmark København
1577;København V;Arni Magnussons Gade;;Danmark København
1577;København V;Bernstorffsgade;;Danmark København
1577;København V;Carsten Niebuhrs Gade;;Danmark København
1592;København V; Bernstorffsgade 17-19;Københavns Socialdirektorat;Danmark København
1599;København V; Rådhuspladsen 1;Københavns Rådhus;Danmark København
1600;København V;Gyldenløvesgade ulige nr.;;Danmark København
1601;København V;Vester Søgade;;Danmark København
1602;København V;Nyropsgade;;Danmark København
1603;København V;Dahlerupsgade;;Danmark København
1604;København V;Kampmannsgade;;Danmark København
1605;København V;Herholdtsgade;;Danmark København
1606;København V;Vester Farimagsgade;;Danmark København
1607;København V;Staunings Plads;;Danmark København
1608;København V;Jernbanegade;;Danmark København
1609;København V;Axeltorv;;Danmark København
1610;København V;Gammel Kongevej 1-55 + 10;;Danmark København
1611;København V;Hammerichsgade;;Danmark København
1612;København V;Ved Vesterport;;Danmark København
1613;København V;Meldahlsgade;;Danmark København
1614;København V;Trommesalen;;Danmark København
1615;København V;Sankt Jørgens Allé;;Danmark København
1616;København V;Stenosgade;;Danmark København
1617;København V;Bagerstræde;;Danmark København
1618;København V;Tullinsgade;;Danmark København
1619;København V;Værnedamsvej lige nr.;;Danmark København
1620;København V;Vesterbros Torv;;Danmark København
1620;København V;Vesterbrogade 1-149 og 2-150;;Danmark København
1621;København V;Frederiksberg Allé 1 - 13B;;Danmark København
1622;København V;Boyesgade ulige nr;;Danmark København
1623;København V;Kingosgade 1-9 + 2-6;;Danmark København
1624;København V;Brorsonsgade;;Danmark København
1630;København V; Vesterbrogade 3;Tivoli A/S;Danmark København
1631;København V;Herman Triers Plads;;Danmark København
1632;København V;Julius Thomsens Gade lige nr;;Danmark København
1633;København V;Kleinsgade;;Danmark København
1634;København V;Rosenørns Allé 2-18;;Danmark København
1635;København V;Åboulevard 1-13;;Danmark København
1650;København V;Istedgade;;Danmark København
1651;København V;Reventlowsgade;;Danmark København
1652;København V;Colbjørnsensgade;;Danmark København
1653;København V;Helgolandsgade;;Danmark København
1654;København V;Abel Cathrines Gade;;Danmark København
1655;København V;Viktoriagade;;Danmark København
1656;København V;Gasværksvej;;Danmark København
1657;København V;Eskildsgade;;Danmark København
1658;København V;Absalonsgade;;Danmark København
1659;København V;Svendsgade;;Danmark København
1660;København V;Otto Krabbes Plads;;Danmark København
1660;København V;Dannebrogsgade;;Danmark København
1661;København V;Westend;;Danmark København
1662;København V;Saxogade;;Danmark København
1663;København V;Oehlenschlægersgade;;Danmark København
1664;København V;Kaalundsgade;;Danmark København
1665;København V;Valdemarsgade;;Danmark København
1666;København V;Matthæusgade;;Danmark København
1667;København V;Frederiksstadsgade;;Danmark København
1668;København V;Mysundegade;;Danmark København
1669;København V;Flensborggade;;Danmark København
1670;København V;Enghave Plads;;Danmark København
1671;København V;Haderslevgade;;Danmark København
1672;København V;Broagergade;;Danmark København
1673;København V;Ullerupgade;;Danmark København
1674;København V; 1-77 + 2-78;Enghavevej;Danmark København
1675;København V;Kongshøjgade;;Danmark København
1676;København V;Sankelmarksgade;;Danmark København
1677;København V;Gråstensgade;;Danmark København
1699;København V;Staldgade;;Danmark København
1700;København V;Halmtorvet;;Danmark København
1701;København V;Reverdilsgade;;Danmark København
1702;København V;Stampesgade;;Danmark København
1703;København V;Lille Colbjørnsensgade;;Danmark København
1704;København V;Tietgensgade;;Danmark København
1705;København V;Ingerslevsgade;;Danmark København
1706;København V;Lille Istedgade;;Danmark København
1707;København V;Maria Kirkeplads;;Danmark København
1708;København V;Eriksgade;;Danmark København
1709;København V;Skydebanegade;;Danmark København
1710;København V;Kvægtorvsgade;;Danmark København
1711;København V;Onkel Dannys Plads;;Danmark København
1711;København V;Flæsketorvet;;Danmark København
1712;København V;Høkerboderne;;Danmark København
1713;København V;Kvægtorvet;;Danmark København
1714;København V;Kødboderne;;Danmark København
1715;København V;Slagtehusgade;;Danmark København
1716;København V;Slagterboderne;;Danmark København
1717;København V;Skelbækgade;;Danmark København
1718;København V;Sommerstedgade;;Danmark København
1719;København V;Krusågade;;Danmark København
1720;København V;Sønder Boulevard;;Danmark København
1721;København V;Dybbølsgade;;Danmark København
1722;København V;Godsbanegade;;Danmark København
1723;København V;Letlandsgade;;Danmark København
1724;København V;Estlandsgade;;Danmark København
1725;København V;Esbern Snares Gade;;Danmark København
1726;København V;Arkonagade;;Danmark København
1727;København V;Asger Rygs Gade;;Danmark København
1728;København V;Skjalm Hvides Gade;;Danmark København
1729;København V;Sigerstedgade;;Danmark København
1730;København V;Knud Lavards Gade;;Danmark København
1731;København V;Erik Ejegods Gade;;Danmark København
1732;København V;Bodilsgade;;Danmark København
1733;København V;Palnatokesgade;;Danmark København
1734;København V;Heilsgade;;Danmark København
1735;København V;Røddinggade;;Danmark København
1736;København V;Bevtoftgade;;Danmark København
1737;København V;Bustrupgade;;Danmark København
1738;København V;Stenderupgade;;Danmark København
1739;København V;Enghave Passage;;Danmark København
1749;København V;Rahbeks Allé 3-11;;Danmark København
1750;København V;Vesterfælledvej 1-9 + 2-56;;Danmark København
1751;København V;Sundevedsgade;;Danmark København
1752;København V;Tøndergade;;Danmark København
1753;København V;Ballumgade;;Danmark København
1754;København V;Hedebygade;;Danmark København
1755;København V;Møgeltøndergade;;Danmark København
1756;København V;Amerikavej;;Danmark København
1757;København V;Trøjborggade;;Danmark København
1758;København V;Lyrskovgade;;Danmark København
1759;København V;Rejsbygade;;Danmark København
1760;København V;Ny Carlsberg Vej 1-37 + 2-66;;Danmark København
1761;København V;Ejderstedgade;;Danmark København
1762;København V;Slesvigsgade;;Danmark København
1763;København V;Dannevirkegade;;Danmark København
1764;København V;Alsgade;;Danmark København
1765;København V;Angelgade;;Danmark København
1766;København V;Slien;;Danmark København
1770;København V;Carstensgade;;Danmark København
1771;København V;Lundbyesgade;;Danmark København
1772;København V;Ernst Meyers Gade;;Danmark København
1773;København V;Bissensgade;;Danmark København
1774;København V;Küchlersgade;;Danmark København
1775;København V;Freundsgade;;Danmark København
1777;København V;Jerichausgade;;Danmark København
1780;København V;;Erhvervskunder (flere kunder) ;Danmark København
1782;København V;Ufrankerede svarforsendelser;;Danmark København
1785;København V; Rådhuspladsen 33 og 37;Politiken og Ekstrabladet;Danmark København
1786;København V;Vesterbrogade 8;Nordea;Danmark København
1787;København V;H.C. Andersens Boulevard 18;Dansk Industri;Danmark København
1790;København V;;Erhvervskunder (flere kunder) ;Danmark København
1799;København V;Vesterfælledvej 58-110;;Danmark København
1799;København V; Vester Fælledvej 58-110;Carlsberg;Danmark København
1799;København V;Bag Elefanterne;;Danmark København
1799;København V;Banevolden 2;;Danmark København
1799;København V;Bjerregårdsvej 5 og 7;;Danmark København
1799;København V;Bryggernes Plads;;Danmark København
1799;København V;Gamle Carlsberg Vej;;Danmark København
1799;København V;Kammasvej 2, 4 og 6 ;;Danmark København
1799;København V;Ny Carlsberg Vej fra 39 og fra 68;;Danmark København
1799;København V;Ottilia Jacobsens Plads;;Danmark København
1799;København V;Pasteursvej;;Danmark København
1799;København V;Rahbeks Allé 13-15;;Danmark København
1799;København V;Valby Langgade 1;;Danmark København
1800;Frederiksberg C;Vesterbrogade 161-191 +162-208;;Danmark København
1801;Frederiksberg C;Rahbeks Allé 2-36;;Danmark København
1802;Frederiksberg C;Halls Allé;;Danmark København
1803;Frederiksberg C;Brøndsteds Allé;;Danmark København
1804;Frederiksberg C;Bakkegårds Allé;;Danmark København
1805;Frederiksberg C;Kammasvej 3 ;;Danmark København
1806;Frederiksberg C;Jacobys Allé;;Danmark København
1807;Frederiksberg C;Schlegels Allé;;Danmark København
1808;Frederiksberg C;Asmussens Allé;;Danmark København
1809;Frederiksberg C;Frydendalsvej;;Danmark København
1810;Frederiksberg C;Platanvej;;Danmark København
1811;Frederiksberg C;Asgårdsvej;;Danmark København
1812;Frederiksberg C;Kochsvej;;Danmark København
1813;Frederiksberg C;Henrik Ibsens Vej;;Danmark København
1814;Frederiksberg C;Carit Etlars Vej;;Danmark København
1815;Frederiksberg C;Paludan Müllers Vej;;Danmark København
1816;Frederiksberg C;Engtoftevej;;Danmark København
1817;Frederiksberg C;Carl Bernhards Vej;;Danmark København
1818;Frederiksberg C;Kingosgade 8-10 + 11-17;;Danmark København
1819;Frederiksberg C;Værnedamsvej ulige nr.;;Danmark København
1820;Frederiksberg C;Frederiksberg Allé 15-63 + 2-104;;Danmark København
1822;Frederiksberg C;Boyesgade lige nr;;Danmark København
1823;Frederiksberg C;Haveselskabetsvej;;Danmark København
1824;Frederiksberg C;Sankt Thomas Allé;;Danmark København
1825;Frederiksberg C;Hauchsvej;;Danmark København
1826;Frederiksberg C;Alhambravej;;Danmark København
1827;Frederiksberg C;Mynstersvej;;Danmark København
1828;Frederiksberg C;Martensens Allé;;Danmark København
1829;Frederiksberg C;Madvigs Allé;;Danmark København
1850;Frederiksberg C;Gammel Kongevej 85-179 + 60-178;;Danmark København
1851;Frederiksberg C;Nyvej;;Danmark København
1852;Frederiksberg C;Amicisvej;;Danmark København
1853;Frederiksberg C;Maglekildevej;;Danmark København
1854;Frederiksberg C;Dr. Priemes Vej;;Danmark København
1855;Frederiksberg C;Hollændervej;;Danmark København
1856;Frederiksberg C;Edisonsvej;;Danmark København
1857;Frederiksberg C;Hortensiavej;;Danmark København
1860;Frederiksberg C;Christian Winthers Vej;;Danmark København
1861;Frederiksberg C;Sagasvej;;Danmark København
1862;Frederiksberg C;Rathsacksvej;;Danmark København
1863;Frederiksberg C;Ceresvej;;Danmark København
1864;Frederiksberg C;Grundtvigsvej;;Danmark København
1865;Frederiksberg C;Grundtvigs Sidevej;;Danmark København
1866;Frederiksberg C;Henrik Steffens Vej;;Danmark København
1867;Frederiksberg C;Acaciavej;;Danmark København
1868;Frederiksberg C;Bianco Lunos Allé;;Danmark København
1870;Frederiksberg C;Bülowsvej;;Danmark København
1871;Frederiksberg C;Thorvaldsensvej;;Danmark København
1872;Frederiksberg C;Bomhoffs Have;;Danmark København
1873;Frederiksberg C;Helenevej;;Danmark København
1874;Frederiksberg C;Harsdorffsvej;;Danmark København
1875;Frederiksberg C;Amalievej;;Danmark København
1876;Frederiksberg C;Kastanievej;;Danmark København
1877;Frederiksberg C;Lindevej;;Danmark København
1878;Frederiksberg C;Uraniavej;;Danmark København
1879;Frederiksberg C;H.C. Ørsteds Vej;;Danmark København
1900;Frederiksberg C;Vodroffsvej;;Danmark København
1901;Frederiksberg C;Tårnborgvej;;Danmark København
1902;Frederiksberg C;Lykkesholms Allé;;Danmark København
1903;Frederiksberg C;Sankt Knuds Vej;;Danmark København
1904;Frederiksberg C;Forhåbningsholms Allé;;Danmark København
1905;Frederiksberg C;Svanholmsvej;;Danmark København
1906;Frederiksberg C;Schønbergsgade;;Danmark København
1908;Frederiksberg C;Prinsesse Maries Allé;;Danmark København
1909;Frederiksberg C;Vodroffs Tværgade;;Danmark København
1910;Frederiksberg C;Danasvej;;Danmark København
1911;Frederiksberg C;Niels Ebbesens Vej;;Danmark København
1912;Frederiksberg C;Svend Trøsts Vej;;Danmark København
1913;Frederiksberg C;Carl Plougs Vej;;Danmark København
1914;Frederiksberg C;Vodroffslund;;Danmark København
1915;Frederiksberg C;Danas Plads;;Danmark København
1916;Frederiksberg C;Norsvej;;Danmark København
1917;Frederiksberg C;Sveasvej;;Danmark København
1920;Frederiksberg C;Forchhammersvej;;Danmark København
1921;Frederiksberg C;Sankt Markus Plads;;Danmark København
1922;Frederiksberg C;Sankt Markus Allé;;Danmark København
1923;Frederiksberg C;Johnstrups Allé;;Danmark København
1924;Frederiksberg C;Steenstrups Allé;;Danmark København
1925;Frederiksberg C;Julius Thomsens Plads;;Danmark København
1926;Frederiksberg C;Martinsvej;;Danmark København
1927;Frederiksberg C;Suomisvej;;Danmark København
1928;Frederiksberg C;Filippavej;;Danmark København
1931;Frederiksberg C;Ufrankerede svarforsendelser ;;Danmark København
1950;Frederiksberg C;Hostrupsvej;;Danmark København
1951;Frederiksberg C;Christian Richardts Vej;;Danmark København
1952;Frederiksberg C;Falkonervænget;;Danmark København
1953;Frederiksberg C;Sankt Nikolaj Vej;;Danmark København
1954;Frederiksberg C;Hostrups Have;;Danmark København
1955;Frederiksberg C;Dr. Abildgaards Allé;;Danmark København
1956;Frederiksberg C;L.I. Brandes Allé;;Danmark København
1957;Frederiksberg C;N.J. Fjords Allé;;Danmark København
1958;Frederiksberg C;Rolighedsvej;;Danmark København
1959;Frederiksberg C;Falkonergårdsvej;;Danmark København
1960;Frederiksberg C;Åboulevard 15-55;;Danmark København
1961;Frederiksberg C;J.M.Thieles Vej;;Danmark København
1962;Frederiksberg C;Fuglevangsvej;;Danmark København
1963;Frederiksberg C;Bille Brahes Vej;;Danmark København
1964;Frederiksberg C;Ingemannsvej;;Danmark København
1965;Frederiksberg C;Erik Menveds Vej;;Danmark København
1966;Frederiksberg C;Steenwinkelsvej;;Danmark København
1967;Frederiksberg C;Svanemosegårdsvej;;Danmark København
1970;Frederiksberg C;Rosenørns Allé 1-67 + 22-70;;Danmark København
1971;Frederiksberg C;Adolph Steens Allé;;Danmark København
1972;Frederiksberg C;Worsaaesvej;;Danmark København
1973;Frederiksberg C;Jakob Dannefærds Vej;;Danmark København
1974;Frederiksberg C;Julius Thomsens Gade Ulige nr;;Danmark København
2000;Frederiksberg;;;Danmark København
2100;København Ø;;;Danmark København
2150;Nordhavn;;;Danmark København
2200;København N;;;Danmark København
2300;København S;;;Danmark København
2400;København NV;;;Danmark København
2450;København SV;;;Danmark København
2500;Valby;;;Danmark København
2600;Glostrup;;;Danmark provins
2605;Brøndby;;;Danmark provins
2610;Rødovre;;;Danmark provins
2620;Albertslund;;;Danmark provins
2625;Vallensbæk;;;Danmark provins
2630;Taastrup;;;Danmark provins
2635;Ishøj;;;Danmark provins
2640;Hedehusene;;;Danmark provins
2650;Hvidovre;;;Danmark provins
2660;Brøndby Strand;;;Danmark provins
2665;Vallensbæk Strand;;;Danmark provins
2670;Greve;;;Danmark provins
2680;Solrød Strand;;;Danmark provins
2690;Karlslunde;;;Danmark provins
2700;Brønshøj;;;Danmark provins
2720;Vanløse;;;Danmark provins
2730;Herlev;;;Danmark provins
2740;Skovlunde;;;Danmark provins
2750;Ballerup;;;Danmark provins
2760;Måløv;;;Danmark provins
2765;Smørum;;;Danmark provins
2770;Kastrup;;;Danmark provins
2791;Dragør;;;Danmark provins
2800;Kongens Lyngby;;;Danmark provins
2820;Gentofte;;;Danmark provins
2830;Virum;;;Danmark provins
2840;Holte;;;Danmark provins
2850;Nærum;;;Danmark provins
2860;Søborg;;;Danmark provins
2870;Dyssegård;;;Danmark provins
2880;Bagsværd;;;Danmark provins
2900;Hellerup;;;Danmark provins
2920;Charlottenlund;;;Danmark provins
2930;Klampenborg;;;Danmark provins
2942;Skodsborg;;;Danmark provins
2950;Vedbæk;;;Danmark provins
2960;Rungsted Kyst;;;Danmark provins
2970;Hørsholm;;;Danmark provins
2980;Kokkedal;;;Danmark provins
2990;Nivå;;;Danmark provins
3000;Helsingør;;;Danmark provins
3050;Humlebæk;;;Danmark provins
3060;Espergærde;;;Danmark provins
3070;Snekkersten;;;Danmark provins
3080;Tikøb;;;Danmark provins
3100;Hornbæk;;;Danmark provins
3120;Dronningmølle;;;Danmark provins
3140;Ålsgårde;;;Danmark provins
3150;Hellebæk;;;Danmark provins
3200;Helsinge;;;Danmark provins
3210;Vejby;;;Danmark provins
3220;Tisvildeleje;;;Danmark provins
3230;Græsted;;;Danmark provins
3250;Gilleleje;;;Danmark provins
3300;Frederiksværk;;;Danmark provins
3310;Ølsted;;;Danmark provins
3320;Skævinge;;;Danmark provins
3330;Gørløse;;;Danmark provins
3360;Liseleje;;;Danmark provins
3370;Melby;;;Danmark provins
3390;Hundested;;;Danmark provins
3400;Hillerød;;;Danmark provins
3450;Allerød;;;Danmark provins
3460;Birkerød;;;Danmark provins
3480;Fredensborg;;;Danmark provins
3490;Kvistgård;;;Danmark provins
3500;Værløse;;;Danmark provins
3520;Farum;;;Danmark provins
3540;Lynge;;;Danmark provins
3550;Slangerup;;;Danmark provins
3600;Frederikssund;;;Danmark provins
3630;Jægerspris;;;Danmark provins
3650;Ølstykke;;;Danmark provins
3660;Stenløse;;;Danmark provins
3670;Veksø Sjælland;;;Danmark provins
3700;Rønne;;;Danmark provins
3720;Aakirkeby;;;Danmark provins
3730;Nexø;;;Danmark provins
3740;Svaneke;;;Danmark provins
3751;Østermarie;;;Danmark provins
3760;Gudhjem;;;Danmark provins
3770;Allinge;;;Danmark provins
3782;Klemensker;;;Danmark provins
3790;Hasle;;;Danmark provins
4000;Roskilde;;;Danmark provins
4030;Tune;;;Danmark provins
4040;Jyllinge;;;Danmark provins
4050;Skibby;;;Danmark provins
4060;Kirke Såby;;;Danmark provins
4070;Kirke Hyllinge;;;Danmark provins
4100;Ringsted;;;Danmark provins
4129;Ringsted;Ufrankerede svarforsendelser;;Danmark provins
4130;Viby Sjælland;;;Danmark provins
4140;Borup;;;Danmark provins
4160;Herlufmagle;;;Danmark provins
4171;Glumsø;;;Danmark provins
4173;Fjenneslev;;;Danmark provins
4174;Jystrup Midtsj;;;Danmark provins
4180;Sorø;;;Danmark provins
4190;Munke Bjergby;;;Danmark provins
4200;Slagelse;;;Danmark provins
4220;Korsør;;;Danmark provins
4230;Skælskør;;;Danmark provins
4241;Vemmelev;;;Danmark provins
4242;Boeslunde;;;Danmark provins
4243;Rude;;;Danmark provins
4244;Agersø;Ufrankerede svarforsendelser;;Danmark provins
4245;Omø;;;Danmark provins
4250;Fuglebjerg;;;Danmark provins
4261;Dalmose;;;Danmark provins
4262;Sandved;;;Danmark provins
4270;Høng;;;Danmark provins
4281;Gørlev;;;Danmark provins
4291;Ruds Vedby;;;Danmark provins
4293;Dianalund;;;Danmark provins
4295;Stenlille;;;Danmark provins
4296;Nyrup;;;Danmark provins
4300;Holbæk;;;Danmark provins
4305;Orø;;;Danmark provins
4320;Lejre;;;Danmark provins
4330;Hvalsø;;;Danmark provins
4340;Tølløse;;;Danmark provins
4350;Ugerløse;;;Danmark provins
4360;Kirke Eskilstrup;;;Danmark provins
4370;Store Merløse;;;Danmark provins
4390;Vipperød;;;Danmark provins
4400;Kalundborg;;;Danmark provins
4420;Regstrup;;;Danmark provins
4440;Mørkøv;;;Danmark provins
4450;Jyderup;;;Danmark provins
4460;Snertinge;;;Danmark provins
4470;Svebølle;;;Danmark provins
4480;Store Fuglede;;;Danmark provins
4490;Jerslev Sjælland;;;Danmark provins
4500;Nykøbing S;;;Danmark provins
4520;Svinninge;;;Danmark provins
4532;Gislinge;;;Danmark provins
4534;Hørve;;;Danmark provins
4540;Fårevejle;;;Danmark provins
4550;Asnæs;;;Danmark provins
4560;Vig;;;Danmark provins
4571;Grevinge;;;Danmark provins
4572;Nørre Asmindrup;;;Danmark provins
4573;Højby;;;Danmark provins
4581;Rørvig;;;Danmark provins
4583;Sjællands Odde;;;Danmark provins
4591;Føllenslev;;;Danmark provins
4592;Sejerø;;;Danmark provins
4593;Eskebjerg;;;Danmark provins
4600;Køge;;;Danmark provins
4621;Gadstrup;;;Danmark provins
4622;Havdrup;;;Danmark provins
4623;Lille Skensved;;;Danmark provins
4632;Bjæverskov;;;Danmark provins
4640;Fakse;;;Danmark provins
4652;Hårlev;;;Danmark provins
4653;Karise;;;Danmark provins
4654;Fakse Ladeplads;;;Danmark provins
4660;Store Heddinge;;;Danmark provins
4671;Strøby;;;Danmark provins
4672;Klippinge;;;Danmark provins
4673;Rødvig Stevns;;;Danmark provins
4681;Herfølge;;;Danmark provins
4682;Tureby;;;Danmark provins
4683;Rønnede;;;Danmark provins
4684;Holmegaard;;;Danmark provins
4690;Haslev;;;Danmark provins
4700;Næstved;;;Danmark provins
4720;Præstø;;;Danmark provins
4733;Tappernøje;;;Danmark provins
4735;Mern;;;Danmark provins
4736;Karrebæksminde;;;Danmark provins
4750;Lundby;;;Danmark provins
4760;Vordingborg;;;Danmark provins
4771;Kalvehave;;;Danmark provins
4772;Langebæk;;;Danmark provins
4773;Stensved;;;Danmark provins
4780;Stege;;;Danmark provins
4791;Borre;;;Danmark provins
4792;Askeby;;;Danmark provins
4793;Bogø By;;;Danmark provins
4800;Nykøbing F;;;Danmark provins
4840;Nørre Alslev;;;Danmark provins
4850;Stubbekøbing;;;Danmark provins
4862;Guldborg;;;Danmark provins
4863;Eskilstrup;;;Danmark provins
4871;Horbelev;;;Danmark provins
4872;Idestrup;;;Danmark provins
4873;Væggerløse;;;Danmark provins
4874;Gedser;;;Danmark provins
4880;Nysted;;;Danmark provins
4891;Toreby L;;;Danmark provins
4892;Kettinge;;;Danmark provins
4894;Øster Ulslev;;;Danmark provins
4895;Errindlev;;;Danmark provins
4900;Nakskov;;;Danmark provins
4912;Harpelunde;;;Danmark provins
4913;Horslunde;;;Danmark provins
4920;Søllested;;;Danmark provins
4930;Maribo;;;Danmark provins
4941;Bandholm;;;Danmark provins
4942;Askø og Lilleø;;;Danmark provins
4943;Torrig L;;;Danmark provins
4944;Fejø;;;Danmark provins
4945;Femø;;;Danmark provins
4951;Nørreballe;;;Danmark provins
4952;Stokkemarke;;;Danmark provins
4953;Vesterborg;;;Danmark provins
4960;Holeby;;;Danmark provins
4970;Rødby;;;Danmark provins
4983;Dannemare;;;Danmark provins
4990;Sakskøbing;;;Danmark provins
4992;Midtsjælland USF P;Ufrankerede svarforsendelser;;Danmark provins
5000;Odense C;;;Danmark provins
5029;Odense C;Ufrankerede svarforsendelser;;Danmark provins
5200;Odense V;;;Danmark provins
5210;Odense NV;;;Danmark provins
5220;Odense SØ;;;Danmark provins
5230;Odense M;;;Danmark provins
5240;Odense NØ;;;Danmark provins
5250;Odense SV;;;Danmark provins
5260;Odense S;;;Danmark provins
5270;Odense N;;;Danmark provins
5290;Marslev;;;Danmark provins
5300;Kerteminde;;;Danmark provins
5320;Agedrup;;;Danmark provins
5330;Munkebo;;;Danmark provins
5350;Rynkeby;;;Danmark provins
5370;Mesinge;;;Danmark provins
5380;Dalby;;;Danmark provins
5390;Martofte;;;Danmark provins
5400;Bogense;;;Danmark provins
5450;Otterup;;;Danmark provins
5462;Morud;;;Danmark provins
5463;Harndrup;;;Danmark provins
5464;Brenderup Fyn;;;Danmark provins
5466;Asperup;;;Danmark provins
5471;Søndersø;;;Danmark provins
5474;Veflinge;;;Danmark provins
5485;Skamby;;;Danmark provins
5491;Blommenslyst;;;Danmark provins
5492;Vissenbjerg;;;Danmark provins
5500;Middelfart;;;Danmark provins
5540;Ullerslev;;;Danmark provins
5550;Langeskov;;;Danmark provins
5560;Aarup;;;Danmark provins
5580;Nørre Aaby;;;Danmark provins
5591;Gelsted;;;Danmark provins
5592;Ejby;;;Danmark provins
5600;Faaborg;;;Danmark provins
5601;Lyø;;;Danmark provins
5602;Avernakø;;;Danmark provins
5603;Bjørnø;;;Danmark provins
5610;Assens;;;Danmark provins
5620;Glamsbjerg;;;Danmark provins
5631;Ebberup;;;Danmark provins
5642;Millinge;;;Danmark provins
5672;Broby;;;Danmark provins
5683;Haarby;;;Danmark provins
5690;Tommerup;;;Danmark provins
5700;Svendborg;;;Danmark provins
5750;Ringe;;;Danmark provins
5762;Vester Skerninge;;;Danmark provins
5771;Stenstrup;;;Danmark provins
5772;Kværndrup;;;Danmark provins
5792;Årslev;;;Danmark provins
5800;Nyborg;;;Danmark provins
5853;Ørbæk;;;Danmark provins
5854;Gislev;;;Danmark provins
5856;Ryslinge;;;Danmark provins
5863;Ferritslev Fyn;;;Danmark provins
5871;Frørup;;;Danmark provins
5874;Hesselager;;;Danmark provins
5881;Skårup Fyn;;;Danmark provins
5882;Vejstrup;;;Danmark provins
5883;Oure;;;Danmark provins
5884;Gudme;;;Danmark provins
5892;Gudbjerg Sydfyn;;;Danmark provins
5900;Rudkøbing;;;Danmark provins
5932;Humble;;;Danmark provins
5935;Bagenkop;;;Danmark provins
5943;Strynø;;;Danmark provins
5953;Tranekær;;;Danmark provins
5960;Marstal;;;Danmark provins
5965;Birkholm;;;Danmark provins
5970;Ærøskøbing;;;Danmark provins
5985;Søby Ærø;;;Danmark provins
6000;Kolding;;;Danmark provins
6040;Egtved;;;Danmark provins
6051;Almind;;;Danmark provins
6052;Viuf;;;Danmark provins
6064;Jordrup;;;Danmark provins
6070;Christiansfeld;;;Danmark provins
6091;Bjert;;;Danmark provins
6092;Sønder Stenderup;;;Danmark provins
6093;Sjølund;;;Danmark provins
6094;Hejls;;;Danmark provins
6100;Haderslev;;;Danmark provins
6200;Aabenraa;;;Danmark provins
6210;Barsø;;;Danmark provins
6230;Rødekro;;;Danmark provins
6240;Løgumkloster;;;Danmark provins
6261;Bredebro;;;Danmark provins
6270;Tønder;;;Danmark provins
6280;Højer;;;Danmark provins
6300;Gråsten;;;Danmark provins
6310;Broager;;;Danmark provins
6320;Egernsund;;;Danmark provins
6330;Padborg;;;Danmark provins
6340;Kruså;;;Danmark provins
6360;Tinglev;;;Danmark provins
6372;Bylderup Bov;;;Danmark provins
6392;Bolderslev;;;Danmark provins
6400;Sønderborg;;;Danmark provins
6430;Nordborg;;;Danmark provins
6440;Augustenborg;;;Danmark provins
6470;Sydals;;;Danmark provins
6500;Vojens;;;Danmark provins
6510;Gram;;;Danmark provins
6520;Toftlund;;;Danmark provins
6534;Agerskov;;;Danmark provins
6535;Branderup J;;;Danmark provins
6541;Bevtoft;;;Danmark provins
6560;Sommersted;;;Danmark provins
6580;Vamdrup;;;Danmark provins
6600;Vejen;;;Danmark provins
6621;Gesten;;;Danmark provins
6622;Bække;;;Danmark provins
6623;Vorbasse;;;Danmark provins
6630;Rødding;;;Danmark provins
6640;Lunderskov;;;Danmark provins
6650;Brørup;;;Danmark provins
6660;Lintrup;;;Danmark provins
6670;Holsted;;;Danmark provins
6682;Hovborg;;;Danmark provins
6683;Føvling;;;Danmark provins
6690;Gørding;;;Danmark provins
6700;Esbjerg;;;Danmark provins
6705;Esbjerg Ø;;;Danmark provins
6710;Esbjerg V;;;Danmark provins
6715;Esbjerg N;;;Danmark provins
6720;Fanø;;;Danmark provins
6731;Tjæreborg;;;Danmark provins
6740;Bramming;;;Danmark provins
6752;Glejbjerg;;;Danmark provins
6753;Agerbæk;;;Danmark provins
6760;Ribe;;;Danmark provins
6771;Gredstedbro;;;Danmark provins
6780;Skærbæk;;;Danmark provins
6792;Rømø;;;Danmark provins
6800;Varde;;;Danmark provins
6818;Årre;;;Danmark provins
6823;Ansager;;;Danmark provins
6830;Nørre Nebel;;;Danmark provins
6840;Oksbøl;;;Danmark provins
6851;Janderup Vestj;;;Danmark provins
6852;Billum;;;Danmark provins
6853;Vejers Strand;;;Danmark provins
6854;Henne;;;Danmark provins
6855;Outrup;;;Danmark provins
6857;Blåvand;;;Danmark provins
6862;Tistrup;;;Danmark provins
6870;Ølgod;;;Danmark provins
6880;Tarm;;;Danmark provins
6893;Hemmet;;;Danmark provins
6900;Skjern;;;Danmark provins
6920;Videbæk;;;Danmark provins
6933;Kibæk;;;Danmark provins
6940;Lem St;;;Danmark provins
6950;Ringkøbing;;;Danmark provins
6960;Hvide Sande;;;Danmark provins
6971;Spjald;;;Danmark provins
6973;Ørnhøj;;;Danmark provins
6980;Tim;;;Danmark provins
6990;Ulfborg;;;Danmark provins
7000;Fredericia;;;Danmark provins
7007;Fredericia;;Sydjyllands Postcenter + erhvervskunder;Danmark provins
7017;Taulov Pakkecenter;;(Returpakker);Danmark provins
7018;Pakker TLP;;(Returpakker);Danmark provins
7029;Fredericia;Ufrankerede svarforsendelser;;Danmark provins
7080;Børkop;;;Danmark provins
7100;Vejle;;;Danmark provins
7120;Vejle Øst;;;Danmark provins
7130;Juelsminde;;;Danmark provins
7140;Stouby;;;Danmark provins
7150;Barrit;;;Danmark provins
7160;Tørring;;;Danmark provins
7171;Uldum;;;Danmark provins
7173;Vonge;;;Danmark provins
7182;Bredsten;;;Danmark provins
7183;Randbøl;;;Danmark provins
7184;Vandel;;;Danmark provins
7190;Billund;;;Danmark provins
7200;Grindsted;;;Danmark provins
7250;Hejnsvig;;;Danmark provins
7260;Sønder Omme;;;Danmark provins
7270;Stakroge;;;Danmark provins
7280;Sønder Felding;;;Danmark provins
7300;Jelling;;;Danmark provins
7321;Gadbjerg;;;Danmark provins
7323;Give;;;Danmark provins
7330;Brande;;;Danmark provins
7361;Ejstrupholm;;;Danmark provins
7362;Hampen;;;Danmark provins
7400;Herning;;;Danmark provins
7429;Herning;Ufrankerede svarforsendelser;;Danmark provins
7430;Ikast;;;Danmark provins
7441;Bording;;;Danmark provins
7442;Engesvang;;;Danmark provins
7451;Sunds;;;Danmark provins
7470;Karup J;;;Danmark provins
7480;Vildbjerg;;;Danmark provins
7490;Aulum;;;Danmark provins
7500;Holstebro;;;Danmark provins
7540;Haderup;;;Danmark provins
7550;Sørvad;;;Danmark provins
7560;Hjerm;;;Danmark provins
7570;Vemb;;;Danmark provins
7600;Struer;;;Danmark provins
7620;Lemvig;;;Danmark provins
7650;Bøvlingbjerg;;;Danmark provins
7660;Bækmarksbro;;;Danmark provins
7673;Harboøre;;;Danmark provins
7680;Thyborøn;;;Danmark provins
7700;Thisted;;;Danmark provins
7730;Hanstholm;;;Danmark provins
7741;Frøstrup;;;Danmark provins
7742;Vesløs;;;Danmark provins
7752;Snedsted;;;Danmark provins
7755;Bedsted Thy;;;Danmark provins
7760;Hurup Thy;;;Danmark provins
7770;Vestervig;;;Danmark provins
7790;Thyholm;;;Danmark provins
7800;Skive;;;Danmark provins
7830;Vinderup;;;Danmark provins
7840;Højslev;;;Danmark provins
7850;Stoholm Jyll;;;Danmark provins
7860;Spøttrup;;;Danmark provins
7870;Roslev;;;Danmark provins
7884;Fur;;;Danmark provins
7900;Nykøbing M;;;Danmark provins
7950;Erslev;;;Danmark provins
7960;Karby;;;Danmark provins
7970;Redsted M;;;Danmark provins
7980;Vils;;;Danmark provins
7990;Øster Assels;;;Danmark provins
7992;Sydjylland/Fyn USF P;Ufrankerede svarforsendelser;;Danmark provins
7993;Sydjylland/Fyn USF B;Ufrankerede svarforsendelser;;Danmark provins
7996;Fakturaservice;;(Post til scanning);Danmark provins
7997;Fakturascanning;;(Post til scanning);Danmark provins
7998;Statsservice;;(Post til scanning);Danmark provins
7999;Kommunepost;;(Post til scanning);Danmark provins
8000;Aarhus C;;;Danmark provins
8200;Aarhus N;;;Danmark provins
8210;Aarhus V;;;Danmark provins
8220;Brabrand;;;Danmark provins
8229;Risskov Ø;Ufrankerede svarforsendelser;;Danmark provins
8230;Åbyhøj;;;Danmark provins
8240;Risskov;;;Danmark provins
8245;Risskov Ø;;Østjyllands Postcenter + erhvervskunder;Danmark provins
8250;Egå;;;Danmark provins
8260;Viby J;;;Danmark provins
8270;Højbjerg;;;Danmark provins
8300;Odder;;;Danmark provins
8305;Samsø;;;Danmark provins
8310;Tranbjerg J;;;Danmark provins
8320;Mårslet;;;Danmark provins
8330;Beder;;;Danmark provins
8340;Malling;;;Danmark provins
8350;Hundslund;;;Danmark provins
8355;Solbjerg;;;Danmark provins
8361;Hasselager;;;Danmark provins
8362;Hørning;;;Danmark provins
8370;Hadsten;;;Danmark provins
8380;Trige;;;Danmark provins
8381;Tilst;;;Danmark provins
8382;Hinnerup;;;Danmark provins
8400;Ebeltoft;;;Danmark provins
8410;Rønde;;;Danmark provins
8420;Knebel;;;Danmark provins
8444;Balle;;;Danmark provins
8450;Hammel;;;Danmark provins
8462;Harlev J;;;Danmark provins
8464;Galten;;;Danmark provins
8471;Sabro;;;Danmark provins
8472;Sporup;;;Danmark provins
8500;Grenaa;;;Danmark provins
8520;Lystrup;;;Danmark provins
8530;Hjortshøj;;;Danmark provins
8541;Skødstrup;;;Danmark provins
8543;Hornslet;;;Danmark provins
8544;Mørke;;;Danmark provins
8550;Ryomgård;;;Danmark provins
8560;Kolind;;;Danmark provins
8570;Trustrup;;;Danmark provins
8581;Nimtofte;;;Danmark provins
8585;Glesborg;;;Danmark provins
8586;Ørum Djurs;;;Danmark provins
8592;Anholt;;;Danmark provins
8600;Silkeborg;;;Danmark provins
8620;Kjellerup;;;Danmark provins
8632;Lemming;;;Danmark provins
8641;Sorring;;;Danmark provins
8643;Ans By;;;Danmark provins
8653;Them;;;Danmark provins
8654;Bryrup;;;Danmark provins
8660;Skanderborg;;;Danmark provins
8670;Låsby;;;Danmark provins
8680;Ry;;;Danmark provins
8700;Horsens;;;Danmark provins
8721;Daugård;;;Danmark provins
8722;Hedensted;;;Danmark provins
8723;Løsning;;;Danmark provins
8732;Hovedgård;;;Danmark provins
8740;Brædstrup;;;Danmark provins
8751;Gedved;;;Danmark provins
8752;Østbirk;;;Danmark provins
8762;Flemming;;;Danmark provins
8763;Rask Mølle;;;Danmark provins
8765;Klovborg;;;Danmark provins
8766;Nørre Snede;;;Danmark provins
8781;Stenderup;;;Danmark provins
8783;Hornsyld;;;Danmark provins
8789;Endelave;;;Danmark provins
8799;Tunø;;;Danmark provins
8800;Viborg;;;Danmark provins
8830;Tjele;;;Danmark provins
8831;Løgstrup;;;Danmark provins
8832;Skals;;;Danmark provins
8840;Rødkærsbro;;;Danmark provins
8850;Bjerringbro;;;Danmark provins
8860;Ulstrup;;;Danmark provins
8870;Langå;;;Danmark provins
8881;Thorsø;;;Danmark provins
8882;Fårvang;;;Danmark provins
8883;Gjern;;;Danmark provins
8900;Randers C;;;Danmark provins
8920;Randers NV;;;Danmark provins
8930;Randers NØ;;;Danmark provins
8940;Randers SV;;;Danmark provins
8950;Ørsted;;;Danmark provins
8960;Randers SØ;;;Danmark provins
8961;Allingåbro;;;Danmark provins
8963;Auning;;;Danmark provins
8970;Havndal;;;Danmark provins
8981;Spentrup;;;Danmark provins
8983;Gjerlev J;;;Danmark provins
8990;Fårup;;;Danmark provins
9000;Aalborg;;;Danmark provins
9200;Aalborg SV;;;Danmark provins
9210;Aalborg SØ;;;Danmark provins
9220;Aalborg Øst;;;Danmark provins
9230;Svenstrup J;;;Danmark provins
9240;Nibe;;;Danmark provins
9260;Gistrup;;;Danmark provins
9270;Klarup;;;Danmark provins
9280;Storvorde;;;Danmark provins
9293;Kongerslev;;;Danmark provins
9300;Sæby;;;Danmark provins
9310;Vodskov;;;Danmark provins
9320;Hjallerup;;;Danmark provins
9330;Dronninglund;;;Danmark provins
9340;Asaa;;;Danmark provins
9352;Dybvad;;;Danmark provins
9362;Gandrup;;;Danmark provins
9370;Hals;;;Danmark provins
9380;Vestbjerg;;;Danmark provins
9381;Sulsted;;;Danmark provins
9382;Tylstrup;;;Danmark provins
9400;Nørresundby;;;Danmark provins
9430;Vadum;;;Danmark provins
9440;Aabybro;;;Danmark provins
9460;Brovst;;;Danmark provins
9480;Løkken;;;Danmark provins
9490;Pandrup;;;Danmark provins
9492;Blokhus;;;Danmark provins
9493;Saltum;;;Danmark provins
9500;Hobro;;;Danmark provins
9510;Arden;;;Danmark provins
9520;Skørping;;;Danmark provins
9530;Støvring;;;Danmark provins
9541;Suldrup;;;Danmark provins
9550;Mariager;;;Danmark provins
9560;Hadsund;;;Danmark provins
9574;Bælum;;;Danmark provins
9575;Terndrup;;;Danmark provins
9600;Aars;;;Danmark provins
9610;Nørager;;;Danmark provins
9620;Aalestrup;;;Danmark provins
9631;Gedsted;;;Danmark provins
9632;Møldrup;;;Danmark provins
9640;Farsø;;;Danmark provins
9670;Løgstør;;;Danmark provins
9681;Ranum;;;Danmark provins
9690;Fjerritslev;;;Danmark provins
9700;Brønderslev;;;Danmark provins
9740;Jerslev J;;;Danmark provins
9750;Øster Vrå;;;Danmark provins
9760;Vrå;;;Danmark provins
9800;Hjørring;;;Danmark provins
9830;Tårs;;;Danmark provins
9850;Hirtshals;;;Danmark provins
9870;Sindal;;;Danmark provins
9881;Bindslev;;;Danmark provins
9900;Frederikshavn;;;Danmark provins
9940;Læsø;;;Danmark provins
9970;Strandby;;;Danmark provins
9981;Jerup;;;Danmark provins
9982;Ålbæk;;;Danmark provins
9990;Skagen;;;Danmark provins